{
  "loss": [
    3844.616455078125,
    767.9214477539062,
    653.16259765625,
    594.556640625,
    567.5693969726562,
    561.729736328125,
    547.6390380859375,
    494.91845703125,
    507.5310974121094,
    494.36444091796875,
    494.1576843261719,
    485.6875915527344,
    487.98779296875,
    481.6447448730469,
    494.283447265625,
    460.481689453125,
    450.1482849121094,
    449.3754577636719,
    463.5354309082031,
    474.27044677734375,
    447.6864929199219,
    451.3026428222656,
    468.5091552734375,
    445.89068603515625,
    465.67572021484375,
    447.95379638671875,
    455.4167785644531,
    470.6734619140625,
    456.44927978515625,
    454.7221984863281,
    451.5911560058594,
    444.6950988769531,
    443.3551025390625,
    435.328857421875,
    434.23358154296875,
    442.10302734375,
    440.2718505859375,
    443.2580871582031,
    443.255859375,
    453.6875,
    453.29876708984375,
    434.01385498046875,
    437.1743469238281,
    440.0998840332031,
    424.95489501953125,
    433.8380126953125,
    446.089599609375,
    423.6098327636719,
    433.0042724609375,
    441.66607666015625,
    436.3894348144531,
    430.1416931152344,
    425.0369567871094,
    427.2027587890625,
    439.894287109375,
    425.4107971191406,
    423.9550476074219,
    422.6820373535156,
    433.53094482421875,
    424.867919921875,
    431.752197265625,
    435.5870666503906,
    426.874267578125,
    426.111083984375,
    433.88665771484375,
    434.05291748046875,
    418.4895935058594,
    421.6290283203125,
    428.8642578125,
    424.3553161621094,
    426.48114013671875,
    431.5955810546875,
    425.7696838378906,
    423.5759582519531,
    427.0458068847656,
    423.7914123535156,
    423.75958251953125,
    417.5482482910156
  ],
  "mean_absolute_error": [
    48.74100875854492,
    19.770193099975586,
    17.825817108154297,
    16.67719841003418,
    15.933512687683105,
    15.705007553100586,
    15.47157096862793,
    14.494062423706055,
    14.527106285095215,
    14.18093204498291,
    14.359331130981445,
    13.993639945983887,
    14.061766624450684,
    13.890511512756348,
    13.967609405517578,
    13.512739181518555,
    13.20034408569336,
    13.029399871826172,
    13.407902717590332,
    13.768407821655273,
    13.034664154052734,
    13.130914688110352,
    13.451666831970215,
    13.039430618286133,
    13.39604663848877,
    13.043901443481445,
    13.153581619262695,
    13.475481033325195,
    13.071548461914062,
    13.178406715393066,
    13.09494686126709,
    12.911409378051758,
    12.971067428588867,
    12.780652046203613,
    12.786559104919434,
    12.676164627075195,
    12.86188793182373,
    12.933606147766113,
    12.778931617736816,
    13.039080619812012,
    12.905152320861816,
    12.733319282531738,
    12.725668907165527,
    12.74571704864502,
    12.568818092346191,
    12.705743789672852,
    12.861769676208496,
    12.41650104522705,
    12.65202808380127,
    12.64725399017334,
    12.615755081176758,
    12.61472225189209,
    12.364580154418945,
    12.447869300842285,
    12.585065841674805,
    12.58260726928711,
    12.413566589355469,
    12.485007286071777,
    12.573905944824219,
    12.457847595214844,
    12.527002334594727,
    12.693244934082031,
    12.527947425842285,
    12.502093315124512,
    12.668848991394043,
    12.612421989440918,
    12.255282402038574,
    12.402158737182617,
    12.449593544006348,
    12.372344017028809,
    12.460124969482422,
    12.455069541931152,
    12.392611503601074,
    12.407633781433105,
    12.516140937805176,
    12.393592834472656,
    12.37186336517334,
    12.391952514648438
  ],
  "mean_squared_error": [
    3844.616455078125,
    767.9214477539062,
    653.16259765625,
    594.556640625,
    567.5693969726562,
    561.729736328125,
    547.6390380859375,
    494.91845703125,
    507.5310974121094,
    494.36444091796875,
    494.1576843261719,
    485.6875915527344,
    487.98779296875,
    481.6447448730469,
    494.283447265625,
    460.481689453125,
    450.1482849121094,
    449.3754577636719,
    463.5354309082031,
    474.27044677734375,
    447.6864929199219,
    451.3026428222656,
    468.5091552734375,
    445.89068603515625,
    465.67572021484375,
    447.95379638671875,
    455.4167785644531,
    470.6734619140625,
    456.44927978515625,
    454.7221984863281,
    451.5911560058594,
    444.6950988769531,
    443.3551025390625,
    435.328857421875,
    434.23358154296875,
    442.10302734375,
    440.2718505859375,
    443.2580871582031,
    443.255859375,
    453.6875,
    453.29876708984375,
    434.01385498046875,
    437.1743469238281,
    440.0998840332031,
    424.95489501953125,
    433.8380126953125,
    446.089599609375,
    423.6098327636719,
    433.0042724609375,
    441.66607666015625,
    436.3894348144531,
    430.1416931152344,
    425.0369567871094,
    427.2027587890625,
    439.894287109375,
    425.4107971191406,
    423.9550476074219,
    422.6820373535156,
    433.53094482421875,
    424.867919921875,
    431.752197265625,
    435.5870666503906,
    426.874267578125,
    426.111083984375,
    433.88665771484375,
    434.05291748046875,
    418.4895935058594,
    421.6290283203125,
    428.8642578125,
    424.3553161621094,
    426.48114013671875,
    431.5955810546875,
    425.7696838378906,
    423.5759582519531,
    427.0458068847656,
    423.7914123535156,
    423.75958251953125,
    417.5482482910156
  ],
  "val_loss": [
    497.5081787109375,
    437.49456787109375,
    401.503173828125,
    370.02130126953125,
    500.9991455078125,
    429.8958740234375,
    366.35211181640625,
    368.1156921386719,
    389.7261047363281,
    372.4188537597656,
    393.99053955078125,
    367.7304382324219,
    413.3970031738281,
    366.62042236328125,
    367.12066650390625,
    401.9742126464844,
    366.0358581542969,
    367.1182861328125,
    387.139892578125,
    402.03826904296875,
    393.42364501953125,
    373.13507080078125,
    375.2782287597656,
    365.9283142089844,
    372.8145751953125,
    368.8179931640625,
    366.3838806152344,
    369.59942626953125,
    367.2748718261719,
    405.50726318359375,
    368.0709228515625,
    375.955078125,
    369.9610595703125,
    370.4160461425781,
    366.531005859375,
    368.660400390625,
    365.39923095703125,
    390.93011474609375,
    365.3929443359375,
    368.1152038574219,
    365.758056640625,
    375.6812744140625,
    376.9345397949219,
    373.0743713378906,
    367.4936828613281,
    370.17889404296875,
    365.4354248046875,
    370.24249267578125,
    369.3046875,
    366.102783203125,
    370.6502990722656,
    367.96600341796875,
    365.3861083984375,
    365.3177490234375,
    365.8533630371094,
    365.4075927734375,
    369.9919128417969,
    368.8725891113281,
    365.3456115722656,
    368.3610534667969,
    369.8201599121094,
    365.3453369140625,
    365.1896057128906,
    367.83038330078125,
    365.4142150878906,
    365.6996154785156,
    377.05621337890625,
    365.4207763671875,
    365.333251953125,
    365.94744873046875,
    365.60675048828125,
    365.86773681640625,
    367.0904235839844,
    366.2925720214844,
    365.4832763671875,
    366.2080383300781,
    365.3748474121094,
    366.27581787109375
  ],